id;nombre;apellido;telefono;celular;mail;repcom_1;repcom_2
1;Handmade;microchip;auxiliary empower;haptic multi-byte Florida;Bedfordshire;Spur California Investment Account;innovative Tools Grocery
2;Intuitive;architectures XML Bhutan;Money Market Account Specialist;Human Wooden;Rustic Granite Ball;toolset;microchip deposit incubate
3;Bedfordshire;circuit Gorgeous Nevada;Expressway;deposit 4th generation;Business-focused Keyboard;Implemented Practical Fresh Keyboard focus group;North Dakota Greenland
4;Planner;panel Licensed Plastic Chair;deposit;Sleek Cotton Sausages American Samoa Nevada;Computers;green;invoice Proactive Coordinator
5;Tasty Fresh Car Clothing;withdrawal Money Market Account;card Corporate Buckinghamshire;world-class;Officer monetize;SMTP Intelligent Bolivar Fuerte;Savings Account Handcrafted
6;product Switchable reciprocal;connect Engineer Orchestrator;Tasty Frozen Ball bandwidth upward-trending;Riel Auto Loan Account;Georgia;index Brunei Dollar;data-warehouse cross-platform
7;productize;Product Principal;array;Generic Mandatory;teal Cross-platform Unbranded;optimizing intuitive;Vanuatu incremental expedite
8;Maine Mayotte B2C;Berkshire optimize communities;Costa Rica;open system target networks;Checking Account Tasty;Chips;Industrial withdrawal
9;Factors technologies mobile;purple Forge Brand;index Sleek;array invoice multi-state;streamline Sausages;overriding;calculating Nevada
10;visionary deposit Computer;Cambridgeshire payment;UAE Dirham Handcrafted;recontextualize Rustic Concrete Cheese;transmit Specialist;SAS;capability
